{
"meta":{"test_sets":[],"test_metrics":[],"learn_metrics":[{"best_value":"Min","name":"RMSE"}],"launch_mode":"Train","parameters":"","iteration_count":300,"learn_sets":["learn"],"name":"experiment"},
"iterations":[
{"learn":[3.122095263],"iteration":0,"passed_time":0.01085779943,"remaining_time":3.24648203},
{"learn":[3.027956591],"iteration":1,"passed_time":0.02104951771,"remaining_time":3.13637814},
{"learn":[2.961916915],"iteration":2,"passed_time":0.03188074194,"remaining_time":3.156193452},
{"learn":[2.884773065],"iteration":3,"passed_time":0.04177852221,"remaining_time":3.091610644},
{"learn":[2.807807446],"iteration":4,"passed_time":0.05244773197,"remaining_time":3.094416186},
{"learn":[2.741448971],"iteration":5,"passed_time":0.06222577263,"remaining_time":3.049062859},
{"learn":[2.669552847],"iteration":6,"passed_time":0.073296631,"remaining_time":3.067987555},
{"learn":[2.617418077],"iteration":7,"passed_time":0.08413155694,"remaining_time":3.070801828},
{"learn":[2.557609883],"iteration":8,"passed_time":0.09393908938,"remaining_time":3.03736389},
{"learn":[2.503913373],"iteration":9,"passed_time":0.1044087443,"remaining_time":3.027853585},
{"learn":[2.450322396],"iteration":10,"passed_time":0.1147035744,"remaining_time":3.013575726},
{"learn":[2.404397225],"iteration":11,"passed_time":0.1244936751,"remaining_time":2.987848203},
{"learn":[2.363457891],"iteration":12,"passed_time":0.1350808244,"remaining_time":2.982168969},
{"learn":[2.316134935],"iteration":13,"passed_time":0.1449857667,"remaining_time":2.961852091},
{"learn":[2.267280097],"iteration":14,"passed_time":0.1551316509,"remaining_time":2.947501367},
{"learn":[2.228443257],"iteration":15,"passed_time":0.1656778007,"remaining_time":2.940780963},
{"learn":[2.192384832],"iteration":16,"passed_time":0.1758322928,"remaining_time":2.927090521},
{"learn":[2.163207621],"iteration":17,"passed_time":0.1865270046,"remaining_time":2.922256405},
{"learn":[2.132601311],"iteration":18,"passed_time":0.1966035976,"remaining_time":2.907663733},
{"learn":[2.096357051],"iteration":19,"passed_time":0.2067036142,"remaining_time":2.893850598},
{"learn":[2.066712558],"iteration":20,"passed_time":0.2173505632,"remaining_time":2.887657483},
{"learn":[2.046745461],"iteration":21,"passed_time":0.2278244916,"remaining_time":2.878873121},
{"learn":[2.021014065],"iteration":22,"passed_time":0.238514421,"remaining_time":2.872543245},
{"learn":[1.990410584],"iteration":23,"passed_time":0.2500495803,"remaining_time":2.875570174},
{"learn":[1.96197476],"iteration":24,"passed_time":0.2604148052,"remaining_time":2.864562857},
{"learn":[1.936117129],"iteration":25,"passed_time":0.2704920571,"remaining_time":2.85057014},
{"learn":[1.914706438],"iteration":26,"passed_time":0.2813133408,"remaining_time":2.844390446},
{"learn":[1.891757223],"iteration":27,"passed_time":0.2912562602,"remaining_time":2.829346528},
{"learn":[1.877928625],"iteration":28,"passed_time":0.3015958773,"remaining_time":2.818361474},
{"learn":[1.851913107],"iteration":29,"passed_time":0.3115806604,"remaining_time":2.804225943},
{"learn":[1.828304311],"iteration":30,"passed_time":0.3215359784,"remaining_time":2.790102522},
{"learn":[1.809953198],"iteration":31,"passed_time":0.3317123547,"remaining_time":2.778090971},
{"learn":[1.793673551],"iteration":32,"passed_time":0.3427047697,"remaining_time":2.772793137},
{"learn":[1.784706724],"iteration":33,"passed_time":0.3528470816,"remaining_time":2.760509521},
{"learn":[1.762691739],"iteration":34,"passed_time":0.3635712628,"remaining_time":2.752753847},
{"learn":[1.741133184],"iteration":35,"passed_time":0.3731580448,"remaining_time":2.736492328},
{"learn":[1.727152817],"iteration":36,"passed_time":0.3837002714,"remaining_time":2.72738301},
{"learn":[1.704336708],"iteration":37,"passed_time":0.3940779745,"remaining_time":2.717063929},
{"learn":[1.691151161],"iteration":38,"passed_time":0.4046348182,"remaining_time":2.707940706},
{"learn":[1.682545363],"iteration":39,"passed_time":0.4163329569,"remaining_time":2.70616422},
{"learn":[1.664777738],"iteration":40,"passed_time":0.4274038115,"remaining_time":2.699941151},
{"learn":[1.645436699],"iteration":41,"passed_time":0.4376789254,"remaining_time":2.688599113},
{"learn":[1.63879503],"iteration":42,"passed_time":0.4494224813,"remaining_time":2.686083202},
{"learn":[1.619260995],"iteration":43,"passed_time":0.4604339505,"remaining_time":2.678888439},
{"learn":[1.608417554],"iteration":44,"passed_time":0.4704010257,"remaining_time":2.665605812},
{"learn":[1.597570014],"iteration":45,"passed_time":0.4802349815,"remaining_time":2.651732289},
{"learn":[1.580787385],"iteration":46,"passed_time":0.4900465784,"remaining_time":2.637910305},
{"learn":[1.571998928],"iteration":47,"passed_time":0.4999899177,"remaining_time":2.624947068},
{"learn":[1.562749001],"iteration":48,"passed_time":0.5110045834,"remaining_time":2.617594907},
{"learn":[1.553004537],"iteration":49,"passed_time":0.5210555395,"remaining_time":2.605277697},
{"learn":[1.540125494],"iteration":50,"passed_time":0.53107293,"remaining_time":2.592885482},
{"learn":[1.532266559],"iteration":51,"passed_time":0.5416613223,"remaining_time":2.583307845},
{"learn":[1.523777949],"iteration":52,"passed_time":0.5517023975,"remaining_time":2.571141362},
{"learn":[1.514932177],"iteration":53,"passed_time":0.5618752327,"remaining_time":2.559653838},
{"learn":[1.508160163],"iteration":54,"passed_time":0.5716401935,"remaining_time":2.546397226},
{"learn":[1.495838912],"iteration":55,"passed_time":0.5818344601,"remaining_time":2.535135862},
{"learn":[1.484648286],"iteration":56,"passed_time":0.5924718625,"remaining_time":2.525801098},
{"learn":[1.475320481],"iteration":57,"passed_time":0.6029991603,"remaining_time":2.515962014},
{"learn":[1.46536661],"iteration":58,"passed_time":0.6137051694,"remaining_time":2.50682959},
{"learn":[1.457674434],"iteration":59,"passed_time":0.625261971,"remaining_time":2.501047884},
{"learn":[1.443683032],"iteration":60,"passed_time":0.6362015317,"remaining_time":2.49265846},
{"learn":[1.433975635],"iteration":61,"passed_time":0.6517056253,"remaining_time":2.501708691},
{"learn":[1.423739921],"iteration":62,"passed_time":0.6648436991,"remaining_time":2.501078678},
{"learn":[1.416528698],"iteration":63,"passed_time":0.6770533626,"remaining_time":2.496634275},
{"learn":[1.40835371],"iteration":64,"passed_time":0.6890251247,"remaining_time":2.491090835},
{"learn":[1.401540101],"iteration":65,"passed_time":0.7003840848,"remaining_time":2.483179937},
{"learn":[1.396640249],"iteration":66,"passed_time":0.7117997602,"remaining_time":2.475363345},
{"learn":[1.393132245],"iteration":67,"passed_time":0.7249427638,"remaining_time":2.473334135},
{"learn":[1.386399008],"iteration":68,"passed_time":0.7369274545,"remaining_time":2.467104956},
{"learn":[1.380777597],"iteration":69,"passed_time":0.7484874284,"remaining_time":2.459315836},
{"learn":[1.376861795],"iteration":70,"passed_time":0.7619264156,"remaining_time":2.457480974},
{"learn":[1.365798243],"iteration":71,"passed_time":0.7745091965,"remaining_time":2.452612456},
{"learn":[1.355953644],"iteration":72,"passed_time":0.7865747321,"remaining_time":2.445924167},
{"learn":[1.352123066],"iteration":73,"passed_time":0.7994881864,"remaining_time":2.441680137},
{"learn":[1.342609565],"iteration":74,"passed_time":0.8158022434,"remaining_time":2.44740673},
{"learn":[1.333100894],"iteration":75,"passed_time":0.828360924,"remaining_time":2.441484829},
{"learn":[1.321752712],"iteration":76,"passed_time":0.8432073353,"remaining_time":2.442016049},
{"learn":[1.312257217],"iteration":77,"passed_time":0.8572328317,"remaining_time":2.439816521},
{"learn":[1.31048558],"iteration":78,"passed_time":0.8695414692,"remaining_time":2.432514743},
{"learn":[1.303461489],"iteration":79,"passed_time":0.8800210801,"remaining_time":2.42005797},
{"learn":[1.29563485],"iteration":80,"passed_time":0.8927944236,"remaining_time":2.41385159},
{"learn":[1.2876315],"iteration":81,"passed_time":0.906274544,"remaining_time":2.409364032},
{"learn":[1.277750895],"iteration":82,"passed_time":0.9178830041,"remaining_time":2.399766408},
{"learn":[1.27065119],"iteration":83,"passed_time":0.9292553483,"remaining_time":2.389513753},
{"learn":[1.265738452],"iteration":84,"passed_time":0.9423913889,"remaining_time":2.383695866},
{"learn":[1.254502087],"iteration":85,"passed_time":0.955748682,"remaining_time":2.378258348},
{"learn":[1.248626811],"iteration":86,"passed_time":0.9670639918,"remaining_time":2.367639428},
{"learn":[1.241809162],"iteration":87,"passed_time":0.9768563528,"remaining_time":2.353335759},
{"learn":[1.234170865],"iteration":88,"passed_time":0.9907407771,"remaining_time":2.348834876},
{"learn":[1.232798242],"iteration":89,"passed_time":0.9918518785,"remaining_time":2.31432105},
{"learn":[1.225418389],"iteration":90,"passed_time":1.004782208,"remaining_time":2.307686609},
{"learn":[1.221234633],"iteration":91,"passed_time":1.015812044,"remaining_time":2.296618533},
{"learn":[1.215956741],"iteration":92,"passed_time":1.026879148,"remaining_time":2.285634233},
{"learn":[1.210684052],"iteration":93,"passed_time":1.039861694,"remaining_time":2.278845841},
{"learn":[1.203292457],"iteration":94,"passed_time":1.053591292,"remaining_time":2.273539105},
{"learn":[1.199079384],"iteration":95,"passed_time":1.066259687,"remaining_time":2.265801835},
{"learn":[1.191956942],"iteration":96,"passed_time":1.076980443,"remaining_time":2.253886907},
{"learn":[1.184879369],"iteration":97,"passed_time":1.088064281,"remaining_time":2.242744743},
{"learn":[1.180563746],"iteration":98,"passed_time":1.093019203,"remaining_time":2.219160201},
{"learn":[1.174521187],"iteration":99,"passed_time":1.104392636,"remaining_time":2.208785271},
{"learn":[1.168846298],"iteration":100,"passed_time":1.116180296,"remaining_time":2.199206722},
{"learn":[1.164223452],"iteration":101,"passed_time":1.126242653,"remaining_time":2.186235739},
{"learn":[1.159182933],"iteration":102,"passed_time":1.138250899,"remaining_time":2.177042982},
{"learn":[1.156089297],"iteration":103,"passed_time":1.150981352,"remaining_time":2.169157163},
{"learn":[1.154750194],"iteration":104,"passed_time":1.161306839,"remaining_time":2.156712701},
{"learn":[1.151016938],"iteration":105,"passed_time":1.172706308,"remaining_time":2.14627381},
{"learn":[1.146855533],"iteration":106,"passed_time":1.185781041,"remaining_time":2.138838701},
{"learn":[1.145700148],"iteration":107,"passed_time":1.197387631,"remaining_time":2.128689121},
{"learn":[1.142070053],"iteration":108,"passed_time":1.207737359,"remaining_time":2.116310418},
{"learn":[1.136812075],"iteration":109,"passed_time":1.221062243,"remaining_time":2.109107511},
{"learn":[1.133301074],"iteration":110,"passed_time":1.23415764,"remaining_time":2.10140355},
{"learn":[1.12772367],"iteration":111,"passed_time":1.247429151,"remaining_time":2.093898933},
{"learn":[1.11839427],"iteration":112,"passed_time":1.258519474,"remaining_time":2.082682669},
{"learn":[1.111308236],"iteration":113,"passed_time":1.271582153,"remaining_time":2.074686671},
{"learn":[1.105980758],"iteration":114,"passed_time":1.283247865,"remaining_time":2.064355261},
{"learn":[1.102216648],"iteration":115,"passed_time":1.294686548,"remaining_time":2.053640732},
{"learn":[1.097788356],"iteration":116,"passed_time":1.30523691,"remaining_time":2.041524398},
{"learn":[1.093110811],"iteration":117,"passed_time":1.318994473,"remaining_time":2.034381305},
{"learn":[1.09130284],"iteration":118,"passed_time":1.320242806,"remaining_time":2.008100402},
{"learn":[1.084923636],"iteration":119,"passed_time":1.333626089,"remaining_time":2.000439134},
{"learn":[1.083164881],"iteration":120,"passed_time":1.345954687,"remaining_time":1.99112305},
{"learn":[1.077483646],"iteration":121,"passed_time":1.356232381,"remaining_time":1.978765277},
{"learn":[1.07278607],"iteration":122,"passed_time":1.368406282,"remaining_time":1.969170016},
{"learn":[1.069786705],"iteration":123,"passed_time":1.380996027,"remaining_time":1.960123393},
{"learn":[1.068392722],"iteration":124,"passed_time":1.392203291,"remaining_time":1.949084608},
{"learn":[1.063552555],"iteration":125,"passed_time":1.403390873,"remaining_time":1.938015967},
{"learn":[1.061532124],"iteration":126,"passed_time":1.416971373,"remaining_time":1.930205099},
{"learn":[1.05547013],"iteration":127,"passed_time":1.429527687,"remaining_time":1.920927829},
{"learn":[1.053416896],"iteration":128,"passed_time":1.442515165,"remaining_time":1.912171265},
{"learn":[1.04884766],"iteration":129,"passed_time":1.454730265,"remaining_time":1.902339578},
{"learn":[1.046723528],"iteration":130,"passed_time":1.468394603,"remaining_time":1.894341128},
{"learn":[1.042313842],"iteration":131,"passed_time":1.483566504,"remaining_time":1.88817555},
{"learn":[1.037591302],"iteration":132,"passed_time":1.499015826,"remaining_time":1.882222879},
{"learn":[1.034871521],"iteration":133,"passed_time":1.512854594,"remaining_time":1.874133303},
{"learn":[1.0313752],"iteration":134,"passed_time":1.526110211,"remaining_time":1.865245814},
{"learn":[1.026696817],"iteration":135,"passed_time":1.538048717,"remaining_time":1.854705805},
{"learn":[1.023990963],"iteration":136,"passed_time":1.551315864,"remaining_time":1.845726174},
{"learn":[1.022437301],"iteration":137,"passed_time":1.564066608,"remaining_time":1.836078192},
{"learn":[1.019140634],"iteration":138,"passed_time":1.578590642,"remaining_time":1.82843952},
{"learn":[1.018390761],"iteration":139,"passed_time":1.58187753,"remaining_time":1.807860035},
{"learn":[1.011704839],"iteration":140,"passed_time":1.596363098,"remaining_time":1.800154131},
{"learn":[1.009729313],"iteration":141,"passed_time":1.610249486,"remaining_time":1.791686048},
{"learn":[1.007739081],"iteration":142,"passed_time":1.621737678,"remaining_time":1.780509199},
{"learn":[1.00675601],"iteration":143,"passed_time":1.631944735,"remaining_time":1.767940129},
{"learn":[1.003849262],"iteration":144,"passed_time":1.644169525,"remaining_time":1.757560527},
{"learn":[1.000105795],"iteration":145,"passed_time":1.655999442,"remaining_time":1.746739138},
{"learn":[0.9938440934],"iteration":146,"passed_time":1.666707838,"remaining_time":1.734736729},
{"learn":[0.9890696341],"iteration":147,"passed_time":1.677670841,"remaining_time":1.723013296},
{"learn":[0.9851051306],"iteration":148,"passed_time":1.689804154,"remaining_time":1.712486089},
{"learn":[0.9839194762],"iteration":149,"passed_time":1.701772402,"remaining_time":1.701772402},
{"learn":[0.9804666478],"iteration":150,"passed_time":1.712581582,"remaining_time":1.689898382},
{"learn":[0.9761860096],"iteration":151,"passed_time":1.725550833,"remaining_time":1.6801416},
{"learn":[0.9681719417],"iteration":152,"passed_time":1.739664856,"remaining_time":1.671442704}
]}