{
"meta":{"test_sets":[],"test_metrics":[],"learn_metrics":[{"best_value":"Min","name":"RMSE"}],"launch_mode":"Train","parameters":"","iteration_count":330,"learn_sets":["learn"],"name":"experiment"},
"iterations":[
{"learn":[2.646319734],"iteration":0,"passed_time":0.003557964728,"remaining_time":1.170570395},
{"learn":[2.569973084],"iteration":1,"passed_time":0.01115711042,"remaining_time":1.829766109},
{"learn":[2.526590421],"iteration":2,"passed_time":0.01228402496,"remaining_time":1.338958721},
{"learn":[2.475824873],"iteration":3,"passed_time":0.01596738291,"remaining_time":1.301341707},
{"learn":[2.433606565],"iteration":4,"passed_time":0.01668529879,"remaining_time":1.084544421},
{"learn":[2.400855416],"iteration":5,"passed_time":0.01734134086,"remaining_time":0.9364324063},
{"learn":[2.353635913],"iteration":6,"passed_time":0.01828003674,"remaining_time":0.8434931236},
{"learn":[2.322562115],"iteration":7,"passed_time":0.01872292303,"remaining_time":0.7535976519},
{"learn":[2.272833469],"iteration":8,"passed_time":0.02489637624,"remaining_time":0.8879707525},
{"learn":[2.235163898],"iteration":9,"passed_time":0.03162071578,"remaining_time":1.011862905},
{"learn":[2.191641182],"iteration":10,"passed_time":0.03814399809,"remaining_time":1.106175945},
{"learn":[2.176912002],"iteration":11,"passed_time":0.03896385073,"remaining_time":1.032542044},
{"learn":[2.138618291],"iteration":12,"passed_time":0.04538225427,"remaining_time":1.106628816},
{"learn":[2.118936902],"iteration":13,"passed_time":0.04644587285,"remaining_time":1.048349701},
{"learn":[2.091458178],"iteration":14,"passed_time":0.05339633245,"remaining_time":1.121322981},
{"learn":[2.070212979],"iteration":15,"passed_time":0.05682179071,"remaining_time":1.115127643},
{"learn":[2.037006837],"iteration":16,"passed_time":0.06346175347,"remaining_time":1.168442873},
{"learn":[2.015736083],"iteration":17,"passed_time":0.06931343969,"remaining_time":1.201432955},
{"learn":[1.988934522],"iteration":18,"passed_time":0.07694242129,"remaining_time":1.259425949},
{"learn":[1.976552554],"iteration":19,"passed_time":0.07826339682,"remaining_time":1.213082651},
{"learn":[1.970849455],"iteration":20,"passed_time":0.07923700914,"remaining_time":1.165915992},
{"learn":[1.960188732],"iteration":21,"passed_time":0.08016298097,"remaining_time":1.122281734},
{"learn":[1.939288361],"iteration":22,"passed_time":0.09205815327,"remaining_time":1.22877622},
{"learn":[1.919604972],"iteration":23,"passed_time":0.1012853445,"remaining_time":1.291388142},
{"learn":[1.91392443],"iteration":24,"passed_time":0.102213092,"remaining_time":1.246999722},
{"learn":[1.903523711],"iteration":25,"passed_time":0.1096160942,"remaining_time":1.281665101},
{"learn":[1.891245397],"iteration":26,"passed_time":0.1198076136,"remaining_time":1.344507664},
{"learn":[1.877073952],"iteration":27,"passed_time":0.1307155489,"remaining_time":1.409860563},
{"learn":[1.863876654],"iteration":28,"passed_time":0.1403273805,"remaining_time":1.456501432},
{"learn":[1.841896487],"iteration":29,"passed_time":0.1499503441,"remaining_time":1.499503441},
{"learn":[1.829515504],"iteration":30,"passed_time":0.1513658301,"remaining_time":1.459947845},
{"learn":[1.813392823],"iteration":31,"passed_time":0.1579759158,"remaining_time":1.471150716},
{"learn":[1.800694572],"iteration":32,"passed_time":0.1664057798,"remaining_time":1.497652018},
{"learn":[1.78693808],"iteration":33,"passed_time":0.1698371681,"remaining_time":1.478582405},
{"learn":[1.779967797],"iteration":34,"passed_time":0.1715384977,"remaining_time":1.44582448},
{"learn":[1.766328652],"iteration":35,"passed_time":0.1793250691,"remaining_time":1.464488064},
{"learn":[1.75572849],"iteration":36,"passed_time":0.1827619861,"remaining_time":1.447277349},
{"learn":[1.746233132],"iteration":37,"passed_time":0.1860088447,"remaining_time":1.429331122},
{"learn":[1.739089418],"iteration":38,"passed_time":0.1934549203,"remaining_time":1.443471328},
{"learn":[1.729336025],"iteration":39,"passed_time":0.1967507805,"remaining_time":1.426443159},
{"learn":[1.721721178],"iteration":40,"passed_time":0.1983392516,"remaining_time":1.398049847},
{"learn":[1.714757373],"iteration":41,"passed_time":0.204822275,"remaining_time":1.4044956},
{"learn":[1.701857683],"iteration":42,"passed_time":0.21158131,"remaining_time":1.412182232},
{"learn":[1.695883266],"iteration":43,"passed_time":0.2123800538,"remaining_time":1.38047035},
{"learn":[1.686916201],"iteration":44,"passed_time":0.2134039194,"remaining_time":1.351558156},
{"learn":[1.676646981],"iteration":45,"passed_time":0.2197600166,"remaining_time":1.356779233},
{"learn":[1.672302202],"iteration":46,"passed_time":0.2232730332,"remaining_time":1.34438869},
{"learn":[1.665878891],"iteration":47,"passed_time":0.2268298534,"remaining_time":1.332625389},
{"learn":[1.660067928],"iteration":48,"passed_time":0.2338036413,"remaining_time":1.34079231},
{"learn":[1.646521149],"iteration":49,"passed_time":0.2404946166,"remaining_time":1.346769853},
{"learn":[1.636576276],"iteration":50,"passed_time":0.2468963738,"remaining_time":1.350668398},
{"learn":[1.629732886],"iteration":51,"passed_time":0.2533899366,"remaining_time":1.354661584},
{"learn":[1.625757662],"iteration":52,"passed_time":0.2553060046,"remaining_time":1.334335156},
{"learn":[1.615540687],"iteration":53,"passed_time":0.2619811353,"remaining_time":1.339014691},
{"learn":[1.606542196],"iteration":54,"passed_time":0.2689239675,"remaining_time":1.344619838},
{"learn":[1.594271199],"iteration":55,"passed_time":0.2758515003,"remaining_time":1.349701984},
{"learn":[1.582276479],"iteration":56,"passed_time":0.2824655414,"remaining_time":1.352861277},
{"learn":[1.575482443],"iteration":57,"passed_time":0.289223298,"remaining_time":1.356357536},
{"learn":[1.574236426],"iteration":58,"passed_time":0.2898824271,"remaining_time":1.33149386},
{"learn":[1.571249353],"iteration":59,"passed_time":0.2906795484,"remaining_time":1.308057968},
{"learn":[1.561983389],"iteration":60,"passed_time":0.2973486381,"remaining_time":1.311258749},
{"learn":[1.555792893],"iteration":61,"passed_time":0.3007559806,"remaining_time":1.300041981},
{"learn":[1.545121682],"iteration":62,"passed_time":0.3077340356,"remaining_time":1.304206151},
{"learn":[1.536118389],"iteration":63,"passed_time":0.3110225678,"remaining_time":1.292687547},
{"learn":[1.531576323],"iteration":64,"passed_time":0.3117325838,"remaining_time":1.270909765},
{"learn":[1.522758202],"iteration":65,"passed_time":0.3179122795,"remaining_time":1.271649118},
{"learn":[1.512904876],"iteration":66,"passed_time":0.325166236,"remaining_time":1.276398807},
{"learn":[1.50588879],"iteration":67,"passed_time":0.3317088763,"remaining_time":1.278054788},
{"learn":[1.49483832],"iteration":68,"passed_time":0.3387637523,"remaining_time":1.281410715},
{"learn":[1.486076983],"iteration":69,"passed_time":0.3453613337,"remaining_time":1.282770668},
{"learn":[1.477948337],"iteration":70,"passed_time":0.3516377904,"remaining_time":1.282735038},
{"learn":[1.46732783],"iteration":71,"passed_time":0.3588770947,"remaining_time":1.285976256},
{"learn":[1.457194209],"iteration":72,"passed_time":0.3664133154,"remaining_time":1.289975645},
{"learn":[1.448531579],"iteration":73,"passed_time":0.3744917582,"remaining_time":1.295539055},
{"learn":[1.441789622],"iteration":74,"passed_time":0.3814200322,"remaining_time":1.29682811},
{"learn":[1.432488592],"iteration":75,"passed_time":0.3907905389,"remaining_time":1.306063117},
{"learn":[1.427532856],"iteration":76,"passed_time":0.3980739155,"remaining_time":1.307957151},
{"learn":[1.420014769],"iteration":77,"passed_time":0.4063546783,"remaining_time":1.312838191},
{"learn":[1.414077749],"iteration":78,"passed_time":0.4139393467,"remaining_time":1.31517438},
{"learn":[1.407777281],"iteration":79,"passed_time":0.4148583771,"remaining_time":1.296432428},
{"learn":[1.398481945],"iteration":80,"passed_time":0.4228649455,"remaining_time":1.299918166},
{"learn":[1.396506716],"iteration":81,"passed_time":0.424704045,"remaining_time":1.28447077},
{"learn":[1.390504429],"iteration":82,"passed_time":0.4315705872,"remaining_time":1.28431247},
{"learn":[1.385313024],"iteration":83,"passed_time":0.4394462244,"remaining_time":1.286949657},
{"learn":[1.379681412],"iteration":84,"passed_time":0.4415307193,"remaining_time":1.272647367},
{"learn":[1.368579493],"iteration":85,"passed_time":0.4486972885,"remaining_time":1.273048121},
{"learn":[1.360317371],"iteration":86,"passed_time":0.4568301091,"remaining_time":1.275973753},
{"learn":[1.354476103],"iteration":87,"passed_time":0.4602762872,"remaining_time":1.26575979},
{"learn":[1.348574026],"iteration":88,"passed_time":0.4681567927,"remaining_time":1.267705472},
{"learn":[1.346491399],"iteration":89,"passed_time":0.4759089456,"remaining_time":1.269090522},
{"learn":[1.339896866],"iteration":90,"passed_time":0.4778364251,"remaining_time":1.254976985},
{"learn":[1.334204477],"iteration":91,"passed_time":0.4880711169,"remaining_time":1.262618759},
{"learn":[1.329412404],"iteration":92,"passed_time":0.4965686796,"remaining_time":1.265449216},
{"learn":[1.323584473],"iteration":93,"passed_time":0.5001840774,"remaining_time":1.255781301},
{"learn":[1.32047118],"iteration":94,"passed_time":0.5019368346,"remaining_time":1.241633222},
{"learn":[1.312606077],"iteration":95,"passed_time":0.5114007737,"remaining_time":1.246539386},
{"learn":[1.301124071],"iteration":96,"passed_time":0.5231984332,"remaining_time":1.256754999},
{"learn":[1.298117175],"iteration":97,"passed_time":0.5276743105,"remaining_time":1.249188164},
{"learn":[1.286563261],"iteration":98,"passed_time":0.5402901116,"remaining_time":1.260676927},
{"learn":[1.281745134],"iteration":99,"passed_time":0.5477931648,"remaining_time":1.259924279},
{"learn":[1.279744327],"iteration":100,"passed_time":0.5590183206,"remaining_time":1.267477182},
{"learn":[1.272369003],"iteration":101,"passed_time":0.5691402032,"remaining_time":1.272195748},
{"learn":[1.270848054],"iteration":102,"passed_time":0.5697793917,"remaining_time":1.255727397},
{"learn":[1.26736157],"iteration":103,"passed_time":0.5764135308,"remaining_time":1.252590942},
{"learn":[1.263389088],"iteration":104,"passed_time":0.5829577003,"remaining_time":1.249195072},
{"learn":[1.251419101],"iteration":105,"passed_time":0.589901918,"remaining_time":1.246585185},
{"learn":[1.241196373],"iteration":106,"passed_time":0.6011316309,"remaining_time":1.252825736},
{"learn":[1.230911477],"iteration":107,"passed_time":0.6079304177,"remaining_time":1.249634748},
{"learn":[1.224308459],"iteration":108,"passed_time":0.6187942291,"remaining_time":1.254619492},
{"learn":[1.218982537],"iteration":109,"passed_time":0.6259187798,"remaining_time":1.25183756},
{"learn":[1.208281724],"iteration":110,"passed_time":0.6358157815,"remaining_time":1.254447353},
{"learn":[1.201203868],"iteration":111,"passed_time":0.643600731,"remaining_time":1.252722851},
{"learn":[1.196242258],"iteration":112,"passed_time":0.6514227087,"remaining_time":1.250962193},
{"learn":[1.192487909],"iteration":113,"passed_time":0.6595877477,"remaining_time":1.249745206},
{"learn":[1.190469993],"iteration":114,"passed_time":0.6670067172,"remaining_time":1.247012558},
{"learn":[1.179551122],"iteration":115,"passed_time":0.6748690752,"remaining_time":1.245017087},
{"learn":[1.170154247],"iteration":116,"passed_time":0.6825314677,"remaining_time":1.242557287},
{"learn":[1.160935673],"iteration":117,"passed_time":0.6890595729,"remaining_time":1.237971436},
{"learn":[1.155999474],"iteration":118,"passed_time":0.6970437398,"remaining_time":1.235934698},
{"learn":[1.150552605],"iteration":119,"passed_time":0.703680966,"remaining_time":1.23144169},
{"learn":[1.148954607],"iteration":120,"passed_time":0.710880025,"remaining_time":1.227883679},
{"learn":[1.145554942],"iteration":121,"passed_time":0.7175304867,"remaining_time":1.223330666},
{"learn":[1.141207026],"iteration":122,"passed_time":0.7259722208,"remaining_time":1.221758128},
{"learn":[1.135363782],"iteration":123,"passed_time":0.7328222573,"remaining_time":1.217430524},
{"learn":[1.130104502],"iteration":124,"passed_time":0.7398433782,"remaining_time":1.21334314},
{"learn":[1.126889497],"iteration":125,"passed_time":0.7466806943,"remaining_time":1.2089116},
{"learn":[1.122484801],"iteration":126,"passed_time":0.7532328896,"remaining_time":1.20398643},
{"learn":[1.118001495],"iteration":127,"passed_time":0.7619867934,"remaining_time":1.202510408},
{"learn":[1.114707907],"iteration":128,"passed_time":0.7684780024,"remaining_time":1.197395957},
{"learn":[1.108789652],"iteration":129,"passed_time":0.7789182419,"remaining_time":1.198335757},
{"learn":[1.104393494],"iteration":130,"passed_time":0.7853535083,"remaining_time":1.193017925},
{"learn":[1.101031192],"iteration":131,"passed_time":0.7933458659,"remaining_time":1.190018799},
{"learn":[1.096833473],"iteration":132,"passed_time":0.7951169629,"remaining_time":1.177729637},
{"learn":[1.092638355],"iteration":133,"passed_time":0.8013714389,"remaining_time":1.172155239},
{"learn":[1.088821677],"iteration":134,"passed_time":0.8090721012,"remaining_time":1.168659702},
{"learn":[1.086918253],"iteration":135,"passed_time":0.8157854208,"remaining_time":1.163693909},
{"learn":[1.079423059],"iteration":136,"passed_time":0.825599794,"remaining_time":1.163071243},
{"learn":[1.073057982],"iteration":137,"passed_time":0.8325102797,"remaining_time":1.158275172},
{"learn":[1.065115045],"iteration":138,"passed_time":0.8428493131,"remaining_time":1.158159848},
{"learn":[1.060951974],"iteration":139,"passed_time":0.8497093439,"remaining_time":1.153176967},
{"learn":[1.05209295],"iteration":140,"passed_time":0.8592786802,"remaining_time":1.151799082},
{"learn":[1.048160026],"iteration":141,"passed_time":0.866152086,"remaining_time":1.146736565},
{"learn":[1.044570829],"iteration":142,"passed_time":0.8755980718,"remaining_time":1.145012863},
{"learn":[1.042455406],"iteration":143,"passed_time":0.8821174804,"remaining_time":1.139401746},
{"learn":[1.038479093],"iteration":144,"passed_time":0.8912515528,"remaining_time":1.13711405},
{"learn":[1.033760456],"iteration":145,"passed_time":0.8979815125,"remaining_time":1.131702728},
{"learn":[1.026296449],"iteration":146,"passed_time":0.9055765112,"remaining_time":1.127350351},
{"learn":[1.021939011],"iteration":147,"passed_time":0.9122154359,"remaining_time":1.121778441},
{"learn":[1.01760293],"iteration":148,"passed_time":0.9154737862,"remaining_time":1.112085606},
{"learn":[1.010618364],"iteration":149,"passed_time":0.925559464,"remaining_time":1.110671357},
{"learn":[1.006692352],"iteration":150,"passed_time":0.9325029429,"remaining_time":1.105417396},
{"learn":[1.004053194],"iteration":151,"passed_time":0.9434520335,"remaining_time":1.104831987},
{"learn":[1.001657954],"iteration":152,"passed_time":0.9519251706,"remaining_time":1.101246766},
{"learn":[0.9977394605],"iteration":153,"passed_time":0.9634048005,"remaining_time":1.101034058},
{"learn":[0.9935553917],"iteration":154,"passed_time":0.9744063638,"remaining_time":1.100136217},
{"learn":[0.9861346037],"iteration":155,"passed_time":0.9820903978,"remaining_time":1.095408521},
{"learn":[0.9834042559],"iteration":156,"passed_time":0.9911024255,"remaining_time":1.092106494},
{"learn":[0.9764933734],"iteration":157,"passed_time":0.9991886586,"remaining_time":1.087724363},
{"learn":[0.9730031151],"iteration":158,"passed_time":1.008011735,"remaining_time":1.084088092},
{"learn":[0.9696693379],"iteration":159,"passed_time":1.017275046,"remaining_time":1.080854737},
{"learn":[0.9633072142],"iteration":160,"passed_time":1.026282378,"remaining_time":1.077277776},
{"learn":[0.9609960461],"iteration":161,"passed_time":1.037482321,"remaining_time":1.075907592},
{"learn":[0.9585300768],"iteration":162,"passed_time":1.044955472,"remaining_time":1.070598551},
{"learn":[0.9534240251],"iteration":163,"passed_time":1.056553085,"remaining_time":1.069437878},
{"learn":[0.9500120954],"iteration":164,"passed_time":1.064523314,"remaining_time":1.064523314},
{"learn":[0.9456155954],"iteration":165,"passed_time":1.071844464,"remaining_time":1.058930675},
{"learn":[0.9412714952],"iteration":166,"passed_time":1.079204065,"remaining_time":1.053354865},
{"learn":[0.9345065023],"iteration":167,"passed_time":1.086755287,"remaining_time":1.047942598},
{"learn":[0.930773419],"iteration":168,"passed_time":1.09341399,"remaining_time":1.041654748},
{"learn":[0.9281977025],"iteration":169,"passed_time":1.101105992,"remaining_time":1.036335052},
{"learn":[0.925411968],"iteration":170,"passed_time":1.107633528,"remaining_time":1.029904859},
{"learn":[0.9193068248],"iteration":171,"passed_time":1.116000645,"remaining_time":1.025163383},
{"learn":[0.9154086904],"iteration":172,"passed_time":1.122544869,"remaining_time":1.018725691},
{"learn":[0.9088309097],"iteration":173,"passed_time":1.130885849,"remaining_time":1.013897658},
{"learn":[0.9041855822],"iteration":174,"passed_time":1.137813595,"remaining_time":1.007777756},
{"learn":[0.9008487966],"iteration":175,"passed_time":1.146010011,"remaining_time":1.00275876},
{"learn":[0.8990319799],"iteration":176,"passed_time":1.153069779,"remaining_time":0.9967213342},
{"learn":[0.8961733557],"iteration":177,"passed_time":1.160274997,"remaining_time":0.9907966265},
{"learn":[0.8875920603],"iteration":178,"passed_time":1.167592084,"remaining_time":0.9849519812},
{"learn":[0.8854069618],"iteration":179,"passed_time":1.174497924,"remaining_time":0.9787482699},
{"learn":[0.8779932127],"iteration":180,"passed_time":1.183719404,"remaining_time":0.9744430454},
{"learn":[0.8757018838],"iteration":181,"passed_time":1.190132087,"remaining_time":0.9677997193},
{"learn":[0.8713676877],"iteration":182,"passed_time":1.200782726,"remaining_time":0.9645631734},
{"learn":[0.8657927622],"iteration":183,"passed_time":1.207527123,"remaining_time":0.9581465217},
{"learn":[0.8592435307],"iteration":184,"passed_time":1.217335271,"remaining_time":0.9541276446},
{"learn":[0.8576249399],"iteration":185,"passed_time":1.220787409,"remaining_time":0.9451257358},
{"learn":[0.8555908295],"iteration":186,"passed_time":1.23021606,"remaining_time":0.9407534575},
{"learn":[0.8527073703],"iteration":187,"passed_time":1.233699425,"remaining_time":0.9318367996},
{"learn":[0.8485740762],"iteration":188,"passed_time":1.241495721,"remaining_time":0.9261952205},
{"learn":[0.8445012247],"iteration":189,"passed_time":1.248799886,"remaining_time":0.920168337},
{"learn":[0.8387304112],"iteration":190,"passed_time":1.255253459,"remaining_time":0.9135090615},
{"learn":[0.8361175195],"iteration":191,"passed_time":1.264010092,"remaining_time":0.9085072538},
{"learn":[0.8342363571],"iteration":192,"passed_time":1.270477557,"remaining_time":0.9018415821},
{"learn":[0.8304554734],"iteration":193,"passed_time":1.279254173,"remaining_time":0.89679674},
{"learn":[0.8281554965],"iteration":194,"passed_time":1.285764632,"remaining_time":0.8901447452},
{"learn":[0.8274449577],"iteration":195,"passed_time":1.294823335,"remaining_time":0.8852363615},
{"learn":[0.8267153947],"iteration":196,"passed_time":1.301372445,"remaining_time":0.878591549},
{"learn":[0.8235505115],"iteration":197,"passed_time":1.310492462,"remaining_time":0.8736616416},
{"learn":[0.8213504869],"iteration":198,"passed_time":1.312483779,"remaining_time":0.8639968598},
{"learn":[0.8183530743],"iteration":199,"passed_time":1.318829722,"remaining_time":0.8572393191},
{"learn":[0.8157699276],"iteration":200,"passed_time":1.327992706,"remaining_time":0.8522938265},
{"learn":[0.8111693344],"iteration":201,"passed_time":1.335123571,"remaining_time":0.8460188966},
{"learn":[0.8068114111],"iteration":202,"passed_time":1.346131805,"remaining_time":0.8421612771},
{"learn":[0.8033621949],"iteration":203,"passed_time":1.356421551,"remaining_time":0.8377897813},
{"learn":[0.8001046004],"iteration":204,"passed_time":1.364497665,"remaining_time":0.8320107714},
{"learn":[0.7943406215],"iteration":205,"passed_time":1.37563248,"remaining_time":0.8280506193},
{"learn":[0.7930696605],"iteration":206,"passed_time":1.383904796,"remaining_time":0.8223202409},
{"learn":[0.7878911466],"iteration":207,"passed_time":1.396119347,"remaining_time":0.8188776938},
{"learn":[0.784852181],"iteration":208,"passed_time":1.405248713,"remaining_time":0.8135650446},
{"learn":[0.7835800537],"iteration":209,"passed_time":1.406646692,"remaining_time":0.8037981099},
{"learn":[0.7777373938],"iteration":210,"passed_time":1.415041611,"remaining_time":0.7980566433},
{"learn":[0.7753191345],"iteration":211,"passed_time":1.426801855,"remaining_time":0.7941632965},
{"learn":[0.7723008389],"iteration":212,"passed_time":1.433809057,"remaining_time":0.7875852568},
{"learn":[0.7701192162],"iteration":213,"passed_time":1.437195487,"remaining_time":0.7790405443},
{"learn":[0.7687816323],"iteration":214,"passed_time":1.438418248,"remaining_time":0.7693865048},
{"learn":[0.7654554666],"iteration":215,"passed_time":1.444974836,"remaining_time":0.7626256077},
{"learn":[0.7632666646],"iteration":216,"passed_time":1.45331789,"remaining_time":0.7567968735},
{"learn":[0.7603583425],"iteration":217,"passed_time":1.460740004,"remaining_time":0.7504719285},
{"learn":[0.7568933549],"iteration":218,"passed_time":1.46914358,"remaining_time":0.7446344172},
{"learn":[0.7516681515],"iteration":219,"passed_time":1.47672644,"remaining_time":0.7383632201},
{"learn":[0.7494671078],"iteration":220,"passed_time":1.485692458,"remaining_time":0.7327623435},
{"learn":[0.7463175567],"iteration":221,"passed_time":1.493704184,"remaining_time":0.7266669001},
{"learn":[0.7453990712],"iteration":222,"passed_time":1.502529736,"remaining_time":0.7209447611},
{"learn":[0.7437125751],"iteration":223,"passed_time":1.509903396,"remaining_time":0.7145078569},
{"learn":[0.7425111069],"iteration":224,"passed_time":1.519249476,"remaining_time":0.7089830886},
{"learn":[0.7419423739],"iteration":225,"passed_time":1.525626314,"remaining_time":0.7020581267},
{"learn":[0.7373966804],"iteration":226,"passed_time":1.533889627,"remaining_time":0.6959939716},
{"learn":[0.7349614824],"iteration":227,"passed_time":1.541219517,"remaining_time":0.689492942},
{"learn":[0.7300438715],"iteration":228,"passed_time":1.549835526,"remaining_time":0.6835519133},
{"learn":[0.7275172736],"iteration":229,"passed_time":1.557446075,"remaining_time":0.6771504675},
{"learn":[0.7249797473],"iteration":230,"passed_time":1.566029639,"remaining_time":0.6711555596},
{"learn":[0.7230593535],"iteration":231,"passed_time":1.574084555,"remaining_time":0.6649150276},
{"learn":[0.7200611919],"iteration":232,"passed_time":1.581967117,"remaining_time":0.6585871689},
{"learn":[0.7153399568],"iteration":233,"passed_time":1.589256549,"remaining_time":0.6520026867},
{"learn":[0.7116223973],"iteration":234,"passed_time":1.597449794,"remaining_time":0.6457775761},
{"learn":[0.7108333276],"iteration":235,"passed_time":1.604686355,"remaining_time":0.6391547346},
{"learn":[0.7094202179],"iteration":236,"passed_time":1.607960937,"remaining_time":0.6309720131},
{"learn":[0.707431071],"iteration":237,"passed_time":1.616868947,"remaining_time":0.6250081643},
{"learn":[0.7045555421],"iteration":238,"passed_time":1.623513879,"remaining_time":0.6181580042},
{"learn":[0.7029746674],"iteration":239,"passed_time":1.631642852,"remaining_time":0.6118660694},
{"learn":[0.7023358848],"iteration":240,"passed_time":1.63847269,"remaining_time":0.6050791264},
{"learn":[0.7004926495],"iteration":241,"passed_time":1.646139855,"remaining_time":0.5985963111},
{"learn":[0.6991857743],"iteration":242,"passed_time":1.65308801,"remaining_time":0.5918463247},
{"learn":[0.6965547529],"iteration":243,"passed_time":1.659588502,"remaining_time":0.5849369311},
{"learn":[0.6953698409],"iteration":244,"passed_time":1.668444378,"remaining_time":0.5788480496},
{"learn":[0.6931336945],"iteration":245,"passed_time":1.674963039,"remaining_time":0.5719385986},
{"learn":[0.6890482915],"iteration":246,"passed_time":1.684307897,"remaining_time":0.5659820058},
{"learn":[0.6850979507],"iteration":247,"passed_time":1.691208479,"remaining_time":0.5591899002},
{"learn":[0.6843774465],"iteration":248,"passed_time":1.700583102,"remaining_time":0.5532017319},
{"learn":[0.682864455],"iteration":249,"passed_time":1.707322775,"remaining_time":0.5463432882},
{"learn":[0.6787561001],"iteration":250,"passed_time":1.717315492,"remaining_time":0.5405096568},
{"learn":[0.6779230409],"iteration":251,"passed_time":1.723805042,"remaining_time":0.5335587034},
{"learn":[0.6762958002],"iteration":252,"passed_time":1.735517515,"remaining_time":0.5282009827},
{"learn":[0.6756596552],"iteration":253,"passed_time":1.743677685,"remaining_time":0.5217303308},
{"learn":[0.6746114437],"iteration":254,"passed_time":1.752715829,"remaining_time":0.5155046557},
{"learn":[0.673276909],"iteration":255,"passed_time":1.760817018,"remaining_time":0.5089861694},
{"learn":[0.6709135588],"iteration":256,"passed_time":1.768235775,"remaining_time":0.5022615237},
{"learn":[0.6659074145],"iteration":257,"passed_time":1.776479426,"remaining_time":0.4957617004},
{"learn":[0.6596127141],"iteration":258,"passed_time":1.784181877,"remaining_time":0.4891000512},
{"learn":[0.658513232],"iteration":259,"passed_time":1.792365217,"remaining_time":0.4825598661},
{"learn":[0.6560615335],"iteration":260,"passed_time":1.79961281,"remaining_time":0.4757597083},
{"learn":[0.6546896993],"iteration":261,"passed_time":1.807426923,"remaining_time":0.469103171},
{"learn":[0.6501972721],"iteration":262,"passed_time":1.815078468,"remaining_time":0.4623964159},
{"learn":[0.6470521594],"iteration":263,"passed_time":1.82154481,"remaining_time":0.4553862025},
{"learn":[0.6450831991],"iteration":264,"passed_time":1.828913819,"remaining_time":0.4486015027},
{"learn":[0.6420045711],"iteration":265,"passed_time":1.835744529,"remaining_time":0.4416828943},
{"learn":[0.6371433664],"iteration":266,"passed_time":1.844227946,"remaining_time":0.4351549086},
{"learn":[0.6364436618],"iteration":267,"passed_time":1.850778111,"remaining_time":0.4281650854},
{"learn":[0.6344780435],"iteration":268,"passed_time":1.858512543,"remaining_time":0.4214470823},
{"learn":[0.6340250745],"iteration":269,"passed_time":1.864969056,"remaining_time":0.414437568},
{"learn":[0.6328020338],"iteration":270,"passed_time":1.87206302,"remaining_time":0.4075709157},
{"learn":[0.6304258532],"iteration":271,"passed_time":1.878823072,"remaining_time":0.4006313904},
{"learn":[0.6283199382],"iteration":272,"passed_time":1.885434222,"remaining_time":0.3936620904},
{"learn":[0.6230570017],"iteration":273,"passed_time":1.894501297,"remaining_time":0.3871973454},
{"learn":[0.6186537745],"iteration":274,"passed_time":1.900969756,"remaining_time":0.3801939513},
{"learn":[0.6178214659],"iteration":275,"passed_time":1.909285745,"remaining_time":0.3735559066},
{"learn":[0.6167355919],"iteration":276,"passed_time":1.916394765,"remaining_time":0.3666748106},
{"learn":[0.6145184453],"iteration":277,"passed_time":1.927483819,"remaining_time":0.3605365417},
{"learn":[0.6141153889],"iteration":278,"passed_time":1.928698761,"remaining_time":0.3525578381},
{"learn":[0.6123405834],"iteration":279,"passed_time":1.93507575,"remaining_time":0.345549241},
{"learn":[0.6112137667],"iteration":280,"passed_time":1.945738593,"remaining_time":0.3392924948},
{"learn":[0.6088760446],"iteration":281,"passed_time":1.952899748,"remaining_time":0.3324084677},
{"learn":[0.6049945836],"iteration":282,"passed_time":1.960113332,"remaining_time":0.3255311894},
{"learn":[0.6017177775],"iteration":283,"passed_time":1.966437217,"remaining_time":0.3185074366},
{"learn":[0.6001728741],"iteration":284,"passed_time":1.973842819,"remaining_time":0.3116593925},
{"learn":[0.596651582],"iteration":285,"passed_time":1.980461885,"remaining_time":0.3046864439},
{"learn":[0.5932854457],"iteration":286,"passed_time":1.988116649,"remaining_time":0.2978711356},
{"learn":[0.5910905252],"iteration":287,"passed_time":1.991372306,"remaining_time":0.2904084612},
{"learn":[0.589782474],"iteration":288,"passed_time":1.994544853,"remaining_time":0.2829631107},
{"learn":[0.5879177057],"iteration":289,"passed_time":2.00084156,"remaining_time":0.2759781462},
{"learn":[0.585625658],"iteration":290,"passed_time":2.007982356,"remaining_time":0.2691110374},
{"learn":[0.5843249151],"iteration":291,"passed_time":2.014441438,"remaining_time":0.2621533378},
{"learn":[0.5839657615],"iteration":292,"passed_time":2.021593148,"remaining_time":0.2552865067},
{"learn":[0.5833497314],"iteration":293,"passed_time":2.027992688,"remaining_time":0.2483256352},
{"learn":[0.5825058676],"iteration":294,"passed_time":2.034999688,"remaining_time":0.241440641},
{"learn":[0.5810679753],"iteration":295,"passed_time":2.041335384,"remaining_time":0.2344777131},
{"learn":[0.5800543071],"iteration":296,"passed_time":2.047895726,"remaining_time":0.2275439696},
{"learn":[0.5789032529],"iteration":297,"passed_time":2.055633919,"remaining_time":0.2207392128},
{"learn":[0.5774003098],"iteration":298,"passed_time":2.0621732,"remaining_time":0.2138039104},
{"learn":[0.576282388],"iteration":299,"passed_time":2.069407647,"remaining_time":0.2069407647},
{"learn":[0.5719855432],"iteration":300,"passed_time":2.076271455,"remaining_time":0.2000394425},
{"learn":[0.5678777429],"iteration":301,"passed_time":2.084032408,"remaining_time":0.1932215477},
{"learn":[0.5651945308],"iteration":302,"passed_time":2.091090085,"remaining_time":0.18633476},
{"learn":[0.564039143],"iteration":303,"passed_time":2.097788953,"remaining_time":0.1794161605},
{"learn":[0.5634826355],"iteration":304,"passed_time":2.106023788,"remaining_time":0.1726249006},
{"learn":[0.5597134416],"iteration":305,"passed_time":2.112776931,"remaining_time":0.1657079946},
{"learn":[0.5552860849],"iteration":306,"passed_time":2.124302259,"remaining_time":0.1591496806},
{"learn":[0.5537404694],"iteration":307,"passed_time":2.132764187,"remaining_time":0.152340299},
{"learn":[0.5527934291],"iteration":308,"passed_time":2.141973079,"remaining_time":0.145570986},
{"learn":[0.5523833524],"iteration":309,"passed_time":2.143788819,"remaining_time":0.138308956},
{"learn":[0.5504751435],"iteration":310,"passed_time":2.152393325,"remaining_time":0.1314966983},
{"learn":[0.5496443084],"iteration":311,"passed_time":2.159556344,"remaining_time":0.1245897891},
{"learn":[0.5491483306],"iteration":312,"passed_time":2.167983173,"remaining_time":0.1177498848},
{"learn":[0.5452871821],"iteration":313,"passed_time":2.175061327,"remaining_time":0.1108311504},
{"learn":[0.5436206598],"iteration":314,"passed_time":2.184738185,"remaining_time":0.1040351517},
{"learn":[0.5423646513],"iteration":315,"passed_time":2.191840121,"remaining_time":0.09710684079},
{"learn":[0.5405783782],"iteration":316,"passed_time":2.202850636,"remaining_time":0.09033772326},
{"learn":[0.5399324524],"iteration":317,"passed_time":2.211315917,"remaining_time":0.08344588366},
{"learn":[0.5359330101],"iteration":318,"passed_time":2.221381812,"remaining_time":0.07659937282},
{"learn":[0.5344292771],"iteration":319,"passed_time":2.227925107,"remaining_time":0.06962265959},
{"learn":[0.5308725811],"iteration":320,"passed_time":2.239175437,"remaining_time":0.06278061973},
{"learn":[0.5305491311],"iteration":321,"passed_time":2.248415586,"remaining_time":0.05586125678},
{"learn":[0.5288320766],"iteration":322,"passed_time":2.256613807,"remaining_time":0.04890494319},
{"learn":[0.5259390102],"iteration":323,"passed_time":2.265129038,"remaining_time":0.04194683404},
{"learn":[0.5244177364],"iteration":324,"passed_time":2.272549755,"remaining_time":0.03496230393},
{"learn":[0.5208731716],"iteration":325,"passed_time":2.279695453,"remaining_time":0.02797172335},
{"learn":[0.5181604633],"iteration":326,"passed_time":2.286479969,"remaining_time":0.02097688045},
{"learn":[0.5166503892],"iteration":327,"passed_time":2.294753907,"remaining_time":0.01399240187},
{"learn":[0.5130840567],"iteration":328,"passed_time":2.30351299,"remaining_time":0.00700155924},
{"learn":[0.5126300284],"iteration":329,"passed_time":2.313480467,"remaining_time":0}
]}