{
"meta":{"test_sets":[],"test_metrics":[],"learn_metrics":[{"best_value":"Min","name":"RMSE"}],"launch_mode":"Train","parameters":"","iteration_count":330,"learn_sets":["learn"],"name":"experiment"},
"iterations":[
{"learn":[2.646319734],"iteration":0,"passed_time":0.003839553949,"remaining_time":1.263213249},
{"learn":[2.569973084],"iteration":1,"passed_time":0.01114793084,"remaining_time":1.828260658},
{"learn":[2.526590421],"iteration":2,"passed_time":0.01225017191,"remaining_time":1.335268739},
{"learn":[2.475824873],"iteration":3,"passed_time":0.01571768867,"remaining_time":1.280991626},
{"learn":[2.433606565],"iteration":4,"passed_time":0.01638380701,"remaining_time":1.064947455},
{"learn":[2.400855416],"iteration":5,"passed_time":0.01707894335,"remaining_time":0.9222629407},
{"learn":[2.353635913],"iteration":6,"passed_time":0.01805579554,"remaining_time":0.8331459943},
{"learn":[2.322562115],"iteration":7,"passed_time":0.01850888882,"remaining_time":0.7449827751},
{"learn":[2.272833469],"iteration":8,"passed_time":0.02667767645,"remaining_time":0.9515037934},
{"learn":[2.235163898],"iteration":9,"passed_time":0.03417455868,"remaining_time":1.093585878},
{"learn":[2.191641182],"iteration":10,"passed_time":0.04128805602,"remaining_time":1.197353625},
{"learn":[2.176912002],"iteration":11,"passed_time":0.04217250132,"remaining_time":1.117571285},
{"learn":[2.138618291],"iteration":12,"passed_time":0.04846658556,"remaining_time":1.181839048},
{"learn":[2.118936902],"iteration":13,"passed_time":0.04911871396,"remaining_time":1.108679544},
{"learn":[2.091458178],"iteration":14,"passed_time":0.0562285496,"remaining_time":1.180799542},
{"learn":[2.070212979],"iteration":15,"passed_time":0.05956471937,"remaining_time":1.168957618},
{"learn":[2.037006837],"iteration":16,"passed_time":0.0657263669,"remaining_time":1.210138402},
{"learn":[2.015736083],"iteration":17,"passed_time":0.06918484107,"remaining_time":1.199203912},
{"learn":[1.988934522],"iteration":18,"passed_time":0.07621422645,"remaining_time":1.247506549},
{"learn":[1.976552554],"iteration":19,"passed_time":0.07730160741,"remaining_time":1.198174915},
{"learn":[1.970849455],"iteration":20,"passed_time":0.07802583265,"remaining_time":1.148094395},
{"learn":[1.960188732],"iteration":21,"passed_time":0.07868780041,"remaining_time":1.101629206},
{"learn":[1.939288361],"iteration":22,"passed_time":0.0863773479,"remaining_time":1.152949818},
{"learn":[1.919604972],"iteration":23,"passed_time":0.09359937987,"remaining_time":1.193392093},
{"learn":[1.91392443],"iteration":24,"passed_time":0.09417499151,"remaining_time":1.148934896},
{"learn":[1.903523711],"iteration":25,"passed_time":0.1010978637,"remaining_time":1.18206733},
{"learn":[1.891245397],"iteration":26,"passed_time":0.1077622287,"remaining_time":1.209331677},
{"learn":[1.877073952],"iteration":27,"passed_time":0.1140105247,"remaining_time":1.229684944},
{"learn":[1.863876654],"iteration":28,"passed_time":0.1206133424,"remaining_time":1.251883313},
{"learn":[1.841896487],"iteration":29,"passed_time":0.1269141585,"remaining_time":1.269141585},
{"learn":[1.829515504],"iteration":30,"passed_time":0.1280156078,"remaining_time":1.234731185},
{"learn":[1.813392823],"iteration":31,"passed_time":0.1347213504,"remaining_time":1.254592576},
{"learn":[1.800694572],"iteration":32,"passed_time":0.141111767,"remaining_time":1.270005903},
{"learn":[1.78693808],"iteration":33,"passed_time":0.1443608311,"remaining_time":1.256788412},
{"learn":[1.779967797],"iteration":34,"passed_time":0.1460151351,"remaining_time":1.230698995},
{"learn":[1.766328652],"iteration":35,"passed_time":0.1528556686,"remaining_time":1.248321294},
{"learn":[1.75572849],"iteration":36,"passed_time":0.156131636,"remaining_time":1.236393766},
{"learn":[1.746233132],"iteration":37,"passed_time":0.1594119381,"remaining_time":1.224954892},
{"learn":[1.739089418],"iteration":38,"passed_time":0.1655177776,"remaining_time":1.235017263},
{"learn":[1.729336025],"iteration":39,"passed_time":0.1687856341,"remaining_time":1.223695847},
{"learn":[1.721721178],"iteration":40,"passed_time":0.1705386028,"remaining_time":1.202089176},
{"learn":[1.714757373],"iteration":41,"passed_time":0.1768052888,"remaining_time":1.212379123},
{"learn":[1.701857683],"iteration":42,"passed_time":0.1833792733,"remaining_time":1.223950033},
{"learn":[1.695883266],"iteration":43,"passed_time":0.1843539031,"remaining_time":1.19830037},
{"learn":[1.686916201],"iteration":44,"passed_time":0.1854311131,"remaining_time":1.17439705},
{"learn":[1.676646981],"iteration":45,"passed_time":0.191764696,"remaining_time":1.183938558},
{"learn":[1.672302202],"iteration":46,"passed_time":0.1948824213,"remaining_time":1.173440962},
{"learn":[1.665878891],"iteration":47,"passed_time":0.1983668476,"remaining_time":1.16540523},
{"learn":[1.660067928],"iteration":48,"passed_time":0.2051046411,"remaining_time":1.176212329},
{"learn":[1.646521149],"iteration":49,"passed_time":0.2113923219,"remaining_time":1.183797003},
{"learn":[1.636576276],"iteration":50,"passed_time":0.2183194703,"remaining_time":1.194335926},
{"learn":[1.629732886],"iteration":51,"passed_time":0.2250875258,"remaining_time":1.203352542},
{"learn":[1.625757662],"iteration":52,"passed_time":0.2268680278,"remaining_time":1.185706485},
{"learn":[1.615540687],"iteration":53,"passed_time":0.234617555,"remaining_time":1.199156392},
{"learn":[1.606542196],"iteration":54,"passed_time":0.2412002207,"remaining_time":1.206001104},
{"learn":[1.594271199],"iteration":55,"passed_time":0.2478417043,"remaining_time":1.212654053},
{"learn":[1.582276479],"iteration":56,"passed_time":0.2541968151,"remaining_time":1.217468956},
{"learn":[1.575482443],"iteration":57,"passed_time":0.2604020459,"remaining_time":1.221195801},
{"learn":[1.574236426],"iteration":58,"passed_time":0.2608377799,"remaining_time":1.198085396},
{"learn":[1.571249353],"iteration":59,"passed_time":0.2615575261,"remaining_time":1.177008868},
{"learn":[1.561983389],"iteration":60,"passed_time":0.2679660689,"remaining_time":1.181686435},
{"learn":[1.555792893],"iteration":61,"passed_time":0.2711683446,"remaining_time":1.172147038},
{"learn":[1.545121682],"iteration":62,"passed_time":0.277464757,"remaining_time":1.175922065},
{"learn":[1.536118389],"iteration":63,"passed_time":0.2808061018,"remaining_time":1.167100361},
{"learn":[1.531576323],"iteration":64,"passed_time":0.2815278919,"remaining_time":1.147767559},
{"learn":[1.522758202],"iteration":65,"passed_time":0.2877939223,"remaining_time":1.151175689},
{"learn":[1.512904876],"iteration":66,"passed_time":0.2942560755,"remaining_time":1.155064894},
{"learn":[1.50588879],"iteration":67,"passed_time":0.3009484645,"remaining_time":1.159536731},
{"learn":[1.49483832],"iteration":68,"passed_time":0.3074221415,"remaining_time":1.162857666},
{"learn":[1.486076983],"iteration":69,"passed_time":0.3141821297,"remaining_time":1.166962196},
{"learn":[1.477948337],"iteration":70,"passed_time":0.3203308459,"remaining_time":1.168530832},
{"learn":[1.46732783],"iteration":71,"passed_time":0.3266483259,"remaining_time":1.170489835},
{"learn":[1.457194209],"iteration":72,"passed_time":0.3332130315,"remaining_time":1.173092453},
{"learn":[1.448531579],"iteration":73,"passed_time":0.3397516038,"remaining_time":1.1753569},
{"learn":[1.441789622],"iteration":74,"passed_time":0.3464113703,"remaining_time":1.177798659},
{"learn":[1.432488592],"iteration":75,"passed_time":0.3526734454,"remaining_time":1.178671778},
{"learn":[1.427532856],"iteration":76,"passed_time":0.358927967,"remaining_time":1.179334749},
{"learn":[1.420014769],"iteration":77,"passed_time":0.3653383857,"remaining_time":1.180324015},
{"learn":[1.414077749],"iteration":78,"passed_time":0.3721090143,"remaining_time":1.182270413},
{"learn":[1.407777281],"iteration":79,"passed_time":0.3728913104,"remaining_time":1.165285345},
{"learn":[1.398481945],"iteration":80,"passed_time":0.3793321211,"remaining_time":1.166095039},
{"learn":[1.396506716],"iteration":81,"passed_time":0.381019463,"remaining_time":1.152351547},
{"learn":[1.390504429],"iteration":82,"passed_time":0.3874824715,"remaining_time":1.153110488},
{"learn":[1.385313024],"iteration":83,"passed_time":0.3940971962,"remaining_time":1.154141789},
{"learn":[1.379681412],"iteration":84,"passed_time":0.395817655,"remaining_time":1.140886182},
{"learn":[1.368579493],"iteration":85,"passed_time":0.4024410254,"remaining_time":1.141809421},
{"learn":[1.360317371],"iteration":86,"passed_time":0.4091216232,"remaining_time":1.142719016},
{"learn":[1.354476103],"iteration":87,"passed_time":0.4126223707,"remaining_time":1.134711519},
{"learn":[1.348574026],"iteration":88,"passed_time":0.4192349016,"remaining_time":1.135231587},
{"learn":[1.346491399],"iteration":89,"passed_time":0.4259267587,"remaining_time":1.13580469},
{"learn":[1.339896866],"iteration":90,"passed_time":0.4277452044,"remaining_time":1.123418724},
{"learn":[1.334204477],"iteration":91,"passed_time":0.4342552365,"remaining_time":1.123399416},
{"learn":[1.329412404],"iteration":92,"passed_time":0.4406914021,"remaining_time":1.123052283},
{"learn":[1.323584473],"iteration":93,"passed_time":0.4425126785,"remaining_time":1.110989278},
{"learn":[1.32047118],"iteration":94,"passed_time":0.443639708,"remaining_time":1.097424541},
{"learn":[1.312606077],"iteration":95,"passed_time":0.4501268618,"remaining_time":1.097184226},
{"learn":[1.301124071],"iteration":96,"passed_time":0.4568138587,"remaining_time":1.097295145},
{"learn":[1.298117175],"iteration":97,"passed_time":0.4602741901,"remaining_time":1.089628695},
{"learn":[1.286563261],"iteration":98,"passed_time":0.4669156954,"remaining_time":1.089469956},
{"learn":[1.281745134],"iteration":99,"passed_time":0.4736893047,"remaining_time":1.089485401},
{"learn":[1.279744327],"iteration":100,"passed_time":0.4805163037,"remaining_time":1.089487461},
{"learn":[1.272369003],"iteration":101,"passed_time":0.4869805985,"remaining_time":1.088544867},
{"learn":[1.270848054],"iteration":102,"passed_time":0.4875291253,"remaining_time":1.074457393},
{"learn":[1.26736157],"iteration":103,"passed_time":0.4945284321,"remaining_time":1.074648324},
{"learn":[1.263389088],"iteration":104,"passed_time":0.4977127085,"remaining_time":1.066527233},
{"learn":[1.251419101],"iteration":105,"passed_time":0.5039971655,"remaining_time":1.065050614},
{"learn":[1.241196373],"iteration":106,"passed_time":0.5114439634,"remaining_time":1.065906578},
{"learn":[1.230911477],"iteration":107,"passed_time":0.5179303465,"remaining_time":1.064634601},
{"learn":[1.224308459],"iteration":108,"passed_time":0.5248892895,"remaining_time":1.064225073},
{"learn":[1.218982537],"iteration":109,"passed_time":0.5315001877,"remaining_time":1.063000375},
{"learn":[1.208281724],"iteration":110,"passed_time":0.5382134023,"remaining_time":1.061880496},
{"learn":[1.201203868],"iteration":111,"passed_time":0.5444870801,"remaining_time":1.059805209},
{"learn":[1.196242258],"iteration":112,"passed_time":0.5509804906,"remaining_time":1.058077579},
{"learn":[1.192487909],"iteration":113,"passed_time":0.5584857368,"remaining_time":1.058183501},
{"learn":[1.190469993],"iteration":114,"passed_time":0.5648497129,"remaining_time":1.056023376},
{"learn":[1.179551122],"iteration":115,"passed_time":0.5718724498,"remaining_time":1.055006071},
{"learn":[1.170154247],"iteration":116,"passed_time":0.5785094139,"remaining_time":1.053183805},
{"learn":[1.160935673],"iteration":117,"passed_time":0.5852018116,"remaining_time":1.051379526},
{"learn":[1.155999474],"iteration":118,"passed_time":0.5923418613,"remaining_time":1.05028683},
{"learn":[1.150552605],"iteration":119,"passed_time":0.5990069875,"remaining_time":1.048262228},
{"learn":[1.148954607],"iteration":120,"passed_time":0.6061540435,"remaining_time":1.046993348},
{"learn":[1.145554942],"iteration":121,"passed_time":0.6126166458,"remaining_time":1.044461167},
{"learn":[1.141207026],"iteration":122,"passed_time":0.6192127118,"remaining_time":1.042089686},
{"learn":[1.135363782],"iteration":123,"passed_time":0.6254855213,"remaining_time":1.039113043},
{"learn":[1.130104502],"iteration":124,"passed_time":0.6322431577,"remaining_time":1.036878779},
{"learn":[1.126889497],"iteration":125,"passed_time":0.6390768213,"remaining_time":1.034695806},
{"learn":[1.122484801],"iteration":126,"passed_time":0.6456259838,"remaining_time":1.03198484},
{"learn":[1.118001495],"iteration":127,"passed_time":0.6521862446,"remaining_time":1.029231417},
{"learn":[1.114707907],"iteration":128,"passed_time":0.6587697251,"remaining_time":1.026455153},
{"learn":[1.108789652],"iteration":129,"passed_time":0.6649786263,"remaining_time":1.02304404},
{"learn":[1.104393494],"iteration":130,"passed_time":0.671714239,"remaining_time":1.020390333},
{"learn":[1.101031192],"iteration":131,"passed_time":0.6779674618,"remaining_time":1.016951193},
{"learn":[1.096833473],"iteration":132,"passed_time":0.6795899986,"remaining_time":1.00661075},
{"learn":[1.092638355],"iteration":133,"passed_time":0.6868237869,"remaining_time":1.004607927},
{"learn":[1.088821677],"iteration":134,"passed_time":0.693337133,"remaining_time":1.00148697},
{"learn":[1.086918253],"iteration":135,"passed_time":0.6998890583,"remaining_time":0.9983711568},
{"learn":[1.079423059],"iteration":136,"passed_time":0.7063783425,"remaining_time":0.995116935},
{"learn":[1.073057982],"iteration":137,"passed_time":0.7128465372,"remaining_time":0.9917864865},
{"learn":[1.065115045],"iteration":138,"passed_time":0.7197040768,"remaining_time":0.9889458897},
{"learn":[1.060951974],"iteration":139,"passed_time":0.7260702417,"remaining_time":0.9853810423},
{"learn":[1.05209295],"iteration":140,"passed_time":0.7328107819,"remaining_time":0.9822782821},
{"learn":[1.048160026],"iteration":141,"passed_time":0.7396284851,"remaining_time":0.9792264451},
{"learn":[1.044570829],"iteration":142,"passed_time":0.7458798469,"remaining_time":0.9753813383},
{"learn":[1.042455406],"iteration":143,"passed_time":0.7524030921,"remaining_time":0.9718539939},
{"learn":[1.038479093],"iteration":144,"passed_time":0.7585809028,"remaining_time":0.9678446001},
{"learn":[1.033760456],"iteration":145,"passed_time":0.765433077,"remaining_time":0.9646553848},
{"learn":[1.026296449],"iteration":146,"passed_time":0.7722220757,"remaining_time":0.9613376861},
{"learn":[1.021939011],"iteration":147,"passed_time":0.7786945224,"remaining_time":0.9575838046},
{"learn":[1.01760293],"iteration":148,"passed_time":0.7825997368,"remaining_time":0.9506748481},
{"learn":[1.010618364],"iteration":149,"passed_time":0.7890271416,"remaining_time":0.94683257},
{"learn":[1.006692352],"iteration":150,"passed_time":0.7954466166,"remaining_time":0.9429466515},
{"learn":[1.004053194],"iteration":151,"passed_time":0.8020922302,"remaining_time":0.939292217},
{"learn":[1.001657954],"iteration":152,"passed_time":0.8085133442,"remaining_time":0.9353389668},
{"learn":[0.9977394605],"iteration":153,"passed_time":0.8151179377,"remaining_time":0.9315633574},
{"learn":[0.9935553917],"iteration":154,"passed_time":0.8215513915,"remaining_time":0.9275580226},
{"learn":[0.9861346037],"iteration":155,"passed_time":0.8277969805,"remaining_time":0.9233120167},
{"learn":[0.9834042559],"iteration":156,"passed_time":0.83437057,"remaining_time":0.9194019657},
{"learn":[0.9764933734],"iteration":157,"passed_time":0.8406155527,"remaining_time":0.915100475},
{"learn":[0.9730031151],"iteration":158,"passed_time":0.8470599206,"remaining_time":0.9109889712},
{"learn":[0.9696693379],"iteration":159,"passed_time":0.8534723956,"remaining_time":0.9068144203},
{"learn":[0.9633072142],"iteration":160,"passed_time":0.8597725605,"remaining_time":0.9024941784},
{"learn":[0.9609960461],"iteration":161,"passed_time":0.8665223037,"remaining_time":0.8986157224},
{"learn":[0.9585300768],"iteration":162,"passed_time":0.8728779824,"remaining_time":0.894298301},
{"learn":[0.9534240251],"iteration":163,"passed_time":0.8793841531,"remaining_time":0.8901083501},
{"learn":[0.9500120954],"iteration":164,"passed_time":0.8860337407,"remaining_time":0.8860337407},
{"learn":[0.9456155954],"iteration":165,"passed_time":0.8924362762,"remaining_time":0.8816840319},
{"learn":[0.9412714952],"iteration":166,"passed_time":0.8988664607,"remaining_time":0.8773367252},
{"learn":[0.9345065023],"iteration":167,"passed_time":0.9051075092,"remaining_time":0.872782241},
{"learn":[0.930773419],"iteration":168,"passed_time":0.9115391573,"remaining_time":0.8683893747},
{"learn":[0.9281977025],"iteration":169,"passed_time":0.918310467,"remaining_time":0.8642922043},
{"learn":[0.925411968],"iteration":170,"passed_time":0.9246799049,"remaining_time":0.859790087},
{"learn":[0.9193068248],"iteration":171,"passed_time":0.931241284,"remaining_time":0.8554425749},
{"learn":[0.9154086904],"iteration":172,"passed_time":0.9376214644,"remaining_time":0.8509050284},
{"learn":[0.9088309097],"iteration":173,"passed_time":0.9441781449,"remaining_time":0.8465045437},
{"learn":[0.9041855822],"iteration":174,"passed_time":0.9507530344,"remaining_time":0.8420955448},
{"learn":[0.9008487966],"iteration":175,"passed_time":0.9570502716,"remaining_time":0.8374189876},
{"learn":[0.8990319799],"iteration":176,"passed_time":0.9641400684,"remaining_time":0.8334092116},
{"learn":[0.8961733557],"iteration":177,"passed_time":0.9704724371,"remaining_time":0.8287180362},
{"learn":[0.8875920603],"iteration":178,"passed_time":0.9779173814,"remaining_time":0.8249470648},
{"learn":[0.8854069618],"iteration":179,"passed_time":0.9847260769,"remaining_time":0.8206050641},
{"learn":[0.8779932127],"iteration":180,"passed_time":0.9917874192,"remaining_time":0.8164437871},
{"learn":[0.8757018838],"iteration":181,"passed_time":0.9986164763,"remaining_time":0.81206175},
{"learn":[0.8713676877],"iteration":182,"passed_time":1.005099577,"remaining_time":0.8073750702},
{"learn":[0.8657927622],"iteration":183,"passed_time":1.011667009,"remaining_time":0.8027357788},
{"learn":[0.8592435307],"iteration":184,"passed_time":1.017864635,"remaining_time":0.7977857952},
{"learn":[0.8576249399],"iteration":185,"passed_time":1.021043916,"remaining_time":0.7904856127},
{"learn":[0.8555908295],"iteration":186,"passed_time":1.027787822,"remaining_time":0.785955393},
{"learn":[0.8527073703],"iteration":187,"passed_time":1.030958468,"remaining_time":0.7787026723},
{"learn":[0.8485740762],"iteration":188,"passed_time":1.037542528,"remaining_time":0.774039664},
{"learn":[0.8445012247],"iteration":189,"passed_time":1.044333874,"remaining_time":0.7695091702},
{"learn":[0.8387304112],"iteration":190,"passed_time":1.050568578,"remaining_time":0.7645499075},
{"learn":[0.8361175195],"iteration":191,"passed_time":1.057210587,"remaining_time":0.7598701095},
{"learn":[0.8342363571],"iteration":192,"passed_time":1.063473182,"remaining_time":0.7549006522},
{"learn":[0.8304554734],"iteration":193,"passed_time":1.069900293,"remaining_time":0.7500331954},
{"learn":[0.8281554965],"iteration":194,"passed_time":1.076595745,"remaining_time":0.7453355158},
{"learn":[0.8274449577],"iteration":195,"passed_time":1.082996438,"remaining_time":0.7404159323},
{"learn":[0.8267153947],"iteration":196,"passed_time":1.089925889,"remaining_time":0.7358382908},
{"learn":[0.8235505115],"iteration":197,"passed_time":1.096141379,"remaining_time":0.7307609192},
{"learn":[0.8213504869],"iteration":198,"passed_time":1.098082876,"remaining_time":0.722858577},
{"learn":[0.8183530743],"iteration":199,"passed_time":1.104776912,"remaining_time":0.7181049931},
{"learn":[0.8157699276],"iteration":200,"passed_time":1.111392137,"remaining_time":0.7132815209},
{"learn":[0.8111693344],"iteration":201,"passed_time":1.118078138,"remaining_time":0.7084851565},
{"learn":[0.8068114111],"iteration":202,"passed_time":1.12499027,"remaining_time":0.7038116471},
{"learn":[0.8033621949],"iteration":203,"passed_time":1.131562661,"remaining_time":0.6989063497},
{"learn":[0.8001046004],"iteration":204,"passed_time":1.138201097,"remaining_time":0.6940250593},
{"learn":[0.7943406215],"iteration":205,"passed_time":1.144927248,"remaining_time":0.6891795086},
{"learn":[0.7930696605],"iteration":206,"passed_time":1.151266195,"remaining_time":0.6840857101},
{"learn":[0.7878911466],"iteration":207,"passed_time":1.157933269,"remaining_time":0.6791723981},
{"learn":[0.784852181],"iteration":208,"passed_time":1.164102011,"remaining_time":0.6739537961},
{"learn":[0.7835800537],"iteration":209,"passed_time":1.164852981,"remaining_time":0.6656302747},
{"learn":[0.7777373938],"iteration":210,"passed_time":1.171475074,"remaining_time":0.6606897337},
{"learn":[0.7753191345],"iteration":211,"passed_time":1.177651046,"remaining_time":0.6554850159},
{"learn":[0.7723008389],"iteration":212,"passed_time":1.183984211,"remaining_time":0.6503575241},
{"learn":[0.7701192162],"iteration":213,"passed_time":1.186029768,"remaining_time":0.6428946404},
{"learn":[0.7687816323],"iteration":214,"passed_time":1.186842931,"remaining_time":0.634822963},
{"learn":[0.7654554666],"iteration":215,"passed_time":1.193425363,"remaining_time":0.6298633862},
{"learn":[0.7632666646],"iteration":216,"passed_time":1.19987158,"remaining_time":0.6248179198},
{"learn":[0.7603583425],"iteration":217,"passed_time":1.206519677,"remaining_time":0.6198633203},
{"learn":[0.7568933549],"iteration":218,"passed_time":1.212825413,"remaining_time":0.6147197299},
{"learn":[0.7516681515],"iteration":219,"passed_time":1.219583107,"remaining_time":0.6097915537},
{"learn":[0.7494671078],"iteration":220,"passed_time":1.226062078,"remaining_time":0.6047093508},
{"learn":[0.7463175567],"iteration":221,"passed_time":1.232087632,"remaining_time":0.5993939833},
{"learn":[0.7453990712],"iteration":222,"passed_time":1.238789226,"remaining_time":0.5943966242},
{"learn":[0.7437125751],"iteration":223,"passed_time":1.245258131,"remaining_time":0.5892739368},
{"learn":[0.7425111069],"iteration":224,"passed_time":1.252995654,"remaining_time":0.5847313052},
{"learn":[0.7419423739],"iteration":225,"passed_time":1.259474654,"remaining_time":0.5795812567},
{"learn":[0.7373966804],"iteration":226,"passed_time":1.26609979,"remaining_time":0.5744858076},
{"learn":[0.7349614824],"iteration":227,"passed_time":1.272347663,"remaining_time":0.5692081648},
{"learn":[0.7300438715],"iteration":228,"passed_time":1.278565687,"remaining_time":0.5639088836},
{"learn":[0.7275172736],"iteration":229,"passed_time":1.285680712,"remaining_time":0.558991614},
{"learn":[0.7249797473],"iteration":230,"passed_time":1.29236241,"remaining_time":0.5538696041},
{"learn":[0.7230593535],"iteration":231,"passed_time":1.299089135,"remaining_time":0.548753169},
{"learn":[0.7200611919],"iteration":232,"passed_time":1.305541039,"remaining_time":0.5435085014},
{"learn":[0.7153399568],"iteration":233,"passed_time":1.312254816,"remaining_time":0.53836095},
{"learn":[0.7116223973],"iteration":234,"passed_time":1.319117622,"remaining_time":0.5332603152},
{"learn":[0.7108333276],"iteration":235,"passed_time":1.325867229,"remaining_time":0.5280996592},
{"learn":[0.7094202179],"iteration":236,"passed_time":1.329061379,"remaining_time":0.5215304144},
{"learn":[0.707431071],"iteration":237,"passed_time":1.335886802,"remaining_time":0.5163932176},
{"learn":[0.7045555421],"iteration":238,"passed_time":1.342358788,"remaining_time":0.5111073209},
{"learn":[0.7029746674],"iteration":239,"passed_time":1.348821365,"remaining_time":0.5058080118},
{"learn":[0.7023358848],"iteration":240,"passed_time":1.355323507,"remaining_time":0.5005136604},
{"learn":[0.7004926495],"iteration":241,"passed_time":1.361471954,"remaining_time":0.4950807107},
{"learn":[0.6991857743],"iteration":242,"passed_time":1.367970111,"remaining_time":0.4897670766},
{"learn":[0.6965547529],"iteration":243,"passed_time":1.374161291,"remaining_time":0.4843355368},
{"learn":[0.6953698409],"iteration":244,"passed_time":1.380605015,"remaining_time":0.4789854135},
{"learn":[0.6931336945],"iteration":245,"passed_time":1.386940161,"remaining_time":0.4735893234},
{"learn":[0.6890482915],"iteration":246,"passed_time":1.39348238,"remaining_time":0.4682552126},
{"learn":[0.6850979507],"iteration":247,"passed_time":1.399920453,"remaining_time":0.462876924},
{"learn":[0.6843774465],"iteration":248,"passed_time":1.406244188,"remaining_time":0.4574529286},
{"learn":[0.682864455],"iteration":249,"passed_time":1.412642542,"remaining_time":0.4520456136},
{"learn":[0.6787561001],"iteration":250,"passed_time":1.418957557,"remaining_time":0.4466041715},
{"learn":[0.6779230409],"iteration":251,"passed_time":1.425047577,"remaining_time":0.4410861548},
{"learn":[0.6762958002],"iteration":252,"passed_time":1.431804465,"remaining_time":0.4357665762},
{"learn":[0.6756596552],"iteration":253,"passed_time":1.438117099,"remaining_time":0.4303027539},
{"learn":[0.6746114437],"iteration":254,"passed_time":1.445130037,"remaining_time":0.4250382461},
{"learn":[0.673276909],"iteration":255,"passed_time":1.451617128,"remaining_time":0.4196080759},
{"learn":[0.6709135588],"iteration":256,"passed_time":1.457901041,"remaining_time":0.4141119688},
{"learn":[0.6659074145],"iteration":257,"passed_time":1.465161106,"remaining_time":0.4088821691},
{"learn":[0.6596127141],"iteration":258,"passed_time":1.471415773,"remaining_time":0.4033610807},
{"learn":[0.658513232],"iteration":259,"passed_time":1.478267789,"remaining_time":0.3979951739},
{"learn":[0.6560615335],"iteration":260,"passed_time":1.484821759,"remaining_time":0.3925390856},
{"learn":[0.6546896993],"iteration":261,"passed_time":1.491286579,"remaining_time":0.3870514786},
{"learn":[0.6501972721],"iteration":262,"passed_time":1.498329219,"remaining_time":0.3817036413},
{"learn":[0.6470521594],"iteration":263,"passed_time":1.505069536,"remaining_time":0.376267384},
{"learn":[0.6450831991],"iteration":264,"passed_time":1.512563791,"remaining_time":0.3710062129},
{"learn":[0.6420045711],"iteration":265,"passed_time":1.518996383,"remaining_time":0.365472814},
{"learn":[0.6371433664],"iteration":266,"passed_time":1.526043132,"remaining_time":0.3600775929},
{"learn":[0.6364436618],"iteration":267,"passed_time":1.533334829,"remaining_time":0.3547267142},
{"learn":[0.6344780435],"iteration":268,"passed_time":1.540525527,"remaining_time":0.3493385024},
{"learn":[0.6340250745],"iteration":269,"passed_time":1.547666635,"remaining_time":0.3439259188},
{"learn":[0.6328020338],"iteration":270,"passed_time":1.555173486,"remaining_time":0.3385802054},
{"learn":[0.6304258532],"iteration":271,"passed_time":1.562674617,"remaining_time":0.3332173815},
{"learn":[0.6283199382],"iteration":272,"passed_time":1.569228843,"remaining_time":0.327641187},
{"learn":[0.6230570017],"iteration":273,"passed_time":1.575871159,"remaining_time":0.3220758574},
{"learn":[0.6186537745],"iteration":274,"passed_time":1.582443239,"remaining_time":0.3164886477},
{"learn":[0.6178214659],"iteration":275,"passed_time":1.588768969,"remaining_time":0.3108461027},
{"learn":[0.6167355919],"iteration":276,"passed_time":1.595334484,"remaining_time":0.3052445041},
{"learn":[0.6145184453],"iteration":277,"passed_time":1.601869047,"remaining_time":0.2996301815},
{"learn":[0.6141153889],"iteration":278,"passed_time":1.602890348,"remaining_time":0.2930014614},
{"learn":[0.6123405834],"iteration":279,"passed_time":1.609693456,"remaining_time":0.2874452601},
{"learn":[0.6112137667],"iteration":280,"passed_time":1.616283969,"remaining_time":0.281843112},
{"learn":[0.6088760446],"iteration":281,"passed_time":1.622983479,"remaining_time":0.2762525071},
{"learn":[0.6049945836],"iteration":282,"passed_time":1.629402311,"remaining_time":0.270607451},
{"learn":[0.6017177775],"iteration":283,"passed_time":1.635655254,"remaining_time":0.2649300763},
{"learn":[0.6001728741],"iteration":284,"passed_time":1.642175278,"remaining_time":0.2592908334},
{"learn":[0.596651582],"iteration":285,"passed_time":1.648640689,"remaining_time":0.2536370291},
{"learn":[0.5932854457],"iteration":286,"passed_time":1.655032333,"remaining_time":0.2479665167},
{"learn":[0.5910905252],"iteration":287,"passed_time":1.65835407,"remaining_time":0.2418433019},
{"learn":[0.589782474],"iteration":288,"passed_time":1.661697708,"remaining_time":0.2357425813},
{"learn":[0.5879177057],"iteration":289,"passed_time":1.668124459,"remaining_time":0.2300861322},
{"learn":[0.585625658],"iteration":290,"passed_time":1.675026081,"remaining_time":0.2244880315},
{"learn":[0.5843249151],"iteration":291,"passed_time":1.681456168,"remaining_time":0.2188196383},
{"learn":[0.5839657615],"iteration":292,"passed_time":1.688175001,"remaining_time":0.2131825087},
{"learn":[0.5833497314],"iteration":293,"passed_time":1.694670694,"remaining_time":0.2075106972},
{"learn":[0.5825058676],"iteration":294,"passed_time":1.700907422,"remaining_time":0.2018025755},
{"learn":[0.5810679753],"iteration":295,"passed_time":1.707751007,"remaining_time":0.1961605887},
{"learn":[0.5800543071],"iteration":296,"passed_time":1.714330126,"remaining_time":0.1904811251},
{"learn":[0.5789032529],"iteration":297,"passed_time":1.72125553,"remaining_time":0.1848328086},
{"learn":[0.5774003098],"iteration":298,"passed_time":1.727745111,"remaining_time":0.179130764},
{"learn":[0.576282388],"iteration":299,"passed_time":1.734120536,"remaining_time":0.1734120536},
{"learn":[0.5719855432],"iteration":300,"passed_time":1.740687687,"remaining_time":0.1677074516},
{"learn":[0.5678777429],"iteration":301,"passed_time":1.74689188,"remaining_time":0.1619634856},
{"learn":[0.5651945308],"iteration":302,"passed_time":1.753455475,"remaining_time":0.1562485077},
{"learn":[0.564039143],"iteration":303,"passed_time":1.759777515,"remaining_time":0.1505072875},
{"learn":[0.5634826355],"iteration":304,"passed_time":1.766282422,"remaining_time":0.1447772477},
{"learn":[0.5597134416],"iteration":305,"passed_time":1.77269853,"remaining_time":0.1390351788},
{"learn":[0.5552860849],"iteration":306,"passed_time":1.778851062,"remaining_time":0.1332689721},
{"learn":[0.5537404694],"iteration":307,"passed_time":1.785931248,"remaining_time":0.1275665177},
{"learn":[0.5527934291],"iteration":308,"passed_time":1.792330518,"remaining_time":0.1218088701},
{"learn":[0.5523833524],"iteration":309,"passed_time":1.794068682,"remaining_time":0.1157463666},
{"learn":[0.5504751435],"iteration":310,"passed_time":1.80070829,"remaining_time":0.1100111174},
{"learn":[0.5496443084],"iteration":311,"passed_time":1.807356068,"remaining_time":0.1042705424},
{"learn":[0.5491483306],"iteration":312,"passed_time":1.813918417,"remaining_time":0.09851953066},
{"learn":[0.5452871821],"iteration":313,"passed_time":1.820488513,"remaining_time":0.09276374586},
{"learn":[0.5436206598],"iteration":314,"passed_time":1.82719971,"remaining_time":0.08700951},
{"learn":[0.5423646513],"iteration":315,"passed_time":1.833737622,"remaining_time":0.08124154021},
{"learn":[0.5405783782],"iteration":316,"passed_time":1.840096662,"remaining_time":0.07546137732},
{"learn":[0.5399324524],"iteration":317,"passed_time":1.846451766,"remaining_time":0.06967742515},
{"learn":[0.5359330101],"iteration":318,"passed_time":1.853025213,"remaining_time":0.06389742115},
{"learn":[0.5344292771],"iteration":319,"passed_time":1.859623096,"remaining_time":0.05811322174},
{"learn":[0.5308725811],"iteration":320,"passed_time":1.866186644,"remaining_time":0.05232299001},
{"learn":[0.5305491311],"iteration":321,"passed_time":1.872675419,"remaining_time":0.04652609737},
{"learn":[0.5288320766],"iteration":322,"passed_time":1.878994068,"remaining_time":0.04072123367},
{"learn":[0.5259390102],"iteration":323,"passed_time":1.885795384,"remaining_time":0.03492213674},
{"learn":[0.5244177364],"iteration":324,"passed_time":1.892254325,"remaining_time":0.02911160499},
{"learn":[0.5208731716],"iteration":325,"passed_time":1.898801961,"remaining_time":0.02329818357},
{"learn":[0.5181604633],"iteration":326,"passed_time":1.905418678,"remaining_time":0.0174809053},
{"learn":[0.5166503892],"iteration":327,"passed_time":1.91173081,"remaining_time":0.01165689518},
{"learn":[0.5130840567],"iteration":328,"passed_time":1.918414997,"remaining_time":0.005831048623},
{"learn":[0.5126300284],"iteration":329,"passed_time":1.924794344,"remaining_time":0}
]}